Isolate	Phenotype1	Phenotype2	Phenotype3	Phenotype4	Phenotype5	Phenotype6
LE17_10A	2.77	-21.13	1.83	8.80	0.99	0.37
LE17_20C	21.30	17.65	0.90	0.96	0.57	0.62
LE18_22.4.newname	1.54	6.89	3.27	8.04	0.96	0.83
LE19_10.1C	22.65	17.43	1.71	1.77	0.56	0.63
LE19_114.1A	6.21	6.53	1.49	1.25	0.82	0.82
LE19_12.1	29.58	25.96	1.66	1.74	0.49	0.53
LE19_131.1	15.00	14.21	1.95	2.61	0.65	0.67
LE19_195.1	23.07	21.32	0.90	0.98	0.55	0.58
LE19_196.1	10.85	10.55	3.14	1.60	0.73	0.75
LE19_197	11.54	16.97	2.08	1.95	0.71	0.63
LE19_251	30.25	28.19	1.02	1.52	0.49	0.51
LE19_281	19.79	13.75	0.89	1.09	0.60	0.72
LE19_338.1	27.20	29.73	0.85	1.03	0.51	0.50
LE19_388.1C	6.81	20.78	1.87	1.37	0.81	0.59
LE19_4.1A	8.20	7.58	3.28	3.66	0.79	0.85
LE19_41.2	22.13	20.54	0.68	0.77	0.56	0.59
LE19_55.1	21.29	17.28	0.69	0.97	0.57	0.63
LE19_8.1	16.16	16.60	0.77	0.52	0.64	0.64
LE19_84.1	19.48	12.48	1.37	1.93	0.59	0.70
LE19_98.1	19.69	17.02	1.03	1.10	0.59	0.63